{
	"name": "swade-spices",
	"title": "SWADE Spices & Flavours",
	"description": "<p>A new Character Sheet for SWADE. <a href='https://ko-fi.com/salieric'>Please consider donating.</a> </p>",
	"minimumCoreVersion": "0.8.4",
	"compatibleCoreVersion": "0.8.8",
	"version": "0.0.1",
	"author": "SalieriC, Javier Rivera",
	"dependencies": [
		{
		  "name": "swade",
		  "type": "system"
		},
		{
			"name": "colorsettings",
			"type": "module"
		}
	],
	"languages": [
		{
			"lang": "en",
			"name": "English",
			"path": "lang/en.json"
		}
	],
	"systems": ["swade"],
	"esmodules": ["./scripts/spices.js"],
	"styles": ["./css/spices.css"],
	"packs": [],
	"url": "https://github.com/SalieriC/SWADE-Spices-Flavours",
	"manifest": "https://raw.githubusercontent.com/SalieriC/SWADE-Spices-Flavours/main/swade-spices/module.json",
	"download": "https://github.com/SalieriC/SWADE-Spices-Flavours/raw/main/swade-spices.zip"
}
