{
	"name": "swade-spices",
	"title": "SWADE Spices & Flavours",
	"description": "<p>A simple module to configure some stuff in the SWADE System on Foundry VTT. <a href='https://ko-fi.com/salieric'>Please consider donating.</a> </p>",
	"minimumCoreVersion": "0.7.4",
	"compatibleCoreVersion": "0.7.9",
	"version": "0.5.0",
	"author": "SalieriC, Javier Rivera",
	"dependencies": [
		{
		  "name": "colorsettings",
		  "type": "module",
		  "manifest": "https://raw.githubusercontent.com/ardittristan/VTTColorSettings/master/module.json"
		},
		{
		  "name": "swade",
		  "type": "system"
		},
		{
			"name": "dice-so-nice",
			"type": "module",
			"manifest": "https://gitlab.com/riccisi/foundryvtt-dice-so-nice/-/raw/master/module/module.json"
		}
	],
	"languages": [
		{
			"lang": "en",
			"name": "English",
			"path": "lang/en.json"
		}
	],
	"systems": ["swade"],
	"esmodules": ["./scripts/init.js"],
	"scripts": ["./scripts/settings-extender.js"],
	"styles": ["./css/spices.css"],
	"packs": [],
	"url": "https://github.com/SalieriC/SWADE-Spices-Flavours",
	"manifest": "https://raw.githubusercontent.com/SalieriC/SWADE-Spices-Flavours/main/swade-spices/module.json",
	"download": "https://github.com/SalieriC/SWADE-Spices-Flavours/blob/main/swade-spices.zip?raw=true"
}
